time,stf
-2.000000000000000000e+01,6.947174331681439386e-136
-1.994999999999999929e+01,3.346565279135322799e-135
-1.989999999999999858e+01,1.605734152446983176e-134
-1.984999999999999787e+01,7.674166446450459106e-134
-1.979999999999999716e+01,3.653187787816303422e-133
-1.974999999999999645e+01,1.732191802404660984e-132
-1.969999999999999574e+01,8.180938841808704954e-132
-1.964999999999999503e+01,3.848517665636087847e-131
-1.959999999999999432e+01,1.803295837166112610e-130
-1.954999999999999361e+01,8.416346732926343416e-130
-1.949999999999999289e+01,3.912581408123388628e-129
-1.944999999999999218e+01,1.811699937533479336e-128
-1.939999999999999147e+01,8.355881106897291418e-128
-1.934999999999999076e+01,3.838674785411543370e-127
-1.929999999999999005e+01,1.756521455397771888e-126
-1.924999999999998934e+01,8.005872215118235984e-126
-1.919999999999998863e+01,3.634518551025790278e-125
-1.914999999999998792e+01,1.643494109755542551e-124
-1.909999999999998721e+01,7.402397880096269034e-124
-1.904999999999998650e+01,3.320929783924410953e-123
-1.899999999999998579e+01,1.483986471216102061e-122
-1.894999999999998508e+01,6.605157149676763312e-122
-1.889999999999998437e+01,2.928325280197219764e-121
-1.884999999999998366e+01,1.293118758576823309e-120
-1.879999999999998295e+01,5.687749016935349332e-120
-1.874999999999998224e+01,2.491869746282240918e-119
-1.869999999999998153e+01,1.087409531921463900e-118
-1.864999999999998082e+01,4.726545058160761496e-118
-1.859999999999998010e+01,2.046337774880586408e-117
-1.854999999999997939e+01,8.824572504792840456e-117
-1.849999999999997868e+01,3.790468125401747210e-116
-1.844999999999997797e+01,1.621716084246733069e-115
-1.839999999999997726e+01,6.910979172097099613e-115
-1.834999999999997655e+01,2.933506885372988384e-114
-1.829999999999997584e+01,1.240273287503876672e-113
-1.824999999999997513e+01,5.223124782064072040e-113
-1.819999999999997442e+01,2.190918023363298545e-112
-1.814999999999997371e+01,9.153866036615118627e-112
-1.809999999999997300e+01,3.809479637729372380e-111
-1.804999999999997229e+01,1.579099232445398781e-110
-1.799999999999997158e+01,6.519823393714424983e-110
-1.794999999999997087e+01,2.681296656184936313e-109
-1.789999999999997016e+01,1.098339260747849890e-108
-1.784999999999996945e+01,4.481369328522404576e-108
-1.779999999999996874e+01,1.821241492620524775e-107
-1.774999999999996803e+01,7.372365957089891262e-107
-1.769999999999996732e+01,2.972547239167693694e-106
-1.764999999999996660e+01,1.193804349589566579e-105
-1.759999999999996589e+01,4.775513103190263329e-105
-1.754999999999996518e+01,1.902783592237326833e-104
-1.749999999999996447e+01,7.551638770085068632e-104
-1.744999999999996376e+01,2.985213864269840641e-103
-1.739999999999996305e+01,1.175417372180370441e-102
-1.734999999999996234e+01,4.609896263982564086e-102
-1.729999999999996163e+01,1.800829398599455459e-101
-1.724999999999996092e+01,7.007068164743938341e-101
-1.719999999999996021e+01,2.715704068679088413e-100
-1.714999999999995950e+01,1.048360991037311378e-99
-1.709999999999995879e+01,4.031081236118730705e-99
-1.704999999999995808e+01,1.543883459478385685e-98
-1.699999999999995737e+01,5.889653202660440205e-98
-1.694999999999995666e+01,2.237933384599272222e-97
-1.689999999999995595e+01,8.470065867264898945e-97
-1.684999999999995524e+01,3.193071172635274763e-96
-1.679999999999995453e+01,1.198981733020507854e-95
-1.674999999999995381e+01,4.484341388865814645e-95
-1.669999999999995310e+01,1.670578467984161292e-94
-1.664999999999995239e+01,6.198936378174176768e-94
-1.659999999999995168e+01,2.291129003106043852e-93
-1.654999999999995097e+01,8.434589442287129212e-93
-1.649999999999995026e+01,3.092860770741320613e-92
-1.644999999999994955e+01,1.129636679545784451e-91
-1.639999999999994884e+01,4.109596380676834723e-91
-1.634999999999994813e+01,1.489160471492465951e-90
-1.629999999999994742e+01,5.374842585117372516e-90
-1.624999999999994671e+01,1.932288168067087903e-89
-1.619999999999994600e+01,6.919264142444876293e-89
-1.614999999999994529e+01,2.467912573702948335e-88
-1.609999999999994458e+01,8.767614592316740757e-88
-1.604999999999994387e+01,3.102522392577624123e-87
-1.599999999999994316e+01,1.093528651396502933e-86
-1.594999999999994245e+01,3.839079888981720503e-86
-1.589999999999994174e+01,1.342473890152187034e-85
-1.584999999999994102e+01,4.675910978088655988e-85
-1.579999999999994031e+01,1.622214511163144410e-84
-1.574999999999993960e+01,5.605727256484286213e-84
-1.569999999999993889e+01,1.929466539889313893e-83
-1.564999999999993818e+01,6.614912718422024883e-83
-1.559999999999993747e+01,2.258876749581680280e-82
-1.554999999999993676e+01,7.683205946952151411e-82
-1.549999999999993605e+01,2.602998436720686601e-81
-1.544999999999993534e+01,8.783888303842722855e-81
-1.539999999999993463e+01,2.952440386341528838e-80
-1.534999999999993392e+01,9.884549396409036350e-80
-1.529999999999993321e+01,3.296203307810622334e-79
-1.524999999999993250e+01,1.094844527024519561e-78
-1.519999999999993179e+01,3.622198348977166647e-78
-1.514999999999993108e+01,1.193639796199243918e-77
-1.509999999999993037e+01,3.917920374597929486e-77
-1.504999999999992966e+01,1.280911555911419183e-76
-1.499999999999992895e+01,4.171227462334272221e-76
-1.494999999999992824e+01,1.352974968343651481e-75
-1.489999999999992752e+01,4.371160741788215011e-75
-1.484999999999992681e+01,1.406646231470412090e-74
-1.479999999999992610e+01,4.508728228833367418e-74
-1.474999999999992539e+01,1.439475434056848948e-73
-1.469999999999992468e+01,4.577574820567047007e-73
-1.464999999999992397e+01,1.449931904102139918e-72
-1.459999999999992326e+01,4.574468980160392540e-72
-1.454999999999992255e+01,1.437522528049530085e-71
-1.449999999999992184e+01,4.499554210409900069e-71
-1.444999999999992113e+01,1.402830303781891905e-70
-1.439999999999992042e+01,4.356338062698118479e-70
-1.434999999999991971e+01,1.347468929759893479e-69
-1.429999999999991900e+01,4.151419853556314554e-69
-1.424999999999991829e+01,1.273958356530394148e-68
-1.419999999999991758e+01,3.893986526633224144e-68
-1.414999999999991687e+01,1.185534667186883374e-67
-1.409999999999991616e+01,3.595130292685462294e-67
-1.404999999999991545e+01,1.085914257431335406e-66
-1.399999999999991473e+01,3.267058577751865778e-66
-1.394999999999991402e+01,9.790362076682403882e-66
-1.389999999999991331e+01,2.922274390625498205e-65
-1.384999999999991260e+01,8.688075709287099759e-65
-1.379999999999991189e+01,2.572802960795714305e-64
-1.374999999999991118e+01,7.588741183052648479e-64
-1.369999999999991047e+01,2.229529374034982726e-63
-1.364999999999990976e+01,6.524344078062443115e-63
-1.359999999999990905e+01,1.901694160884941171e-62
-1.354999999999990834e+01,5.521087178963080078e-62
-1.349999999999990763e+01,1.596572367617283423e-61
-1.344999999999990692e+01,4.598674177847927937e-61
-1.339999999999990621e+01,1.319339775518929553e-60
-1.334999999999990550e+01,3.770167192582733020e-60
-1.329999999999990479e+01,1.073110532441250476e-59
-1.324999999999990408e+01,3.042342835906360285e-59
-1.319999999999990337e+01,8.591156850180097851e-59
-1.314999999999990266e+01,2.416433777688417017e-58
-1.309999999999990195e+01,6.769831415953208564e-58
-1.304999999999990123e+01,1.889124012393146197e-57
-1.299999999999990052e+01,5.250766338062000914e-57
-1.294999999999989981e+01,1.453665478209690690e-56
-1.289999999999989910e+01,4.008535850423378641e-56
-1.284999999999989839e+01,1.100997993627552732e-55
-1.279999999999989768e+01,3.012081317313499627e-55
-1.274999999999989697e+01,8.207789596391922916e-55
-1.269999999999989626e+01,2.227742771205146118e-54
-1.264999999999989555e+01,6.022587578154751321e-54
-1.259999999999989484e+01,1.621736921985465027e-53
-1.254999999999989413e+01,4.349675215626178257e-53
-1.249999999999989342e+01,1.162016637279559536e-52
-1.244999999999989271e+01,3.092052772619694582e-52
-1.239999999999989200e+01,8.195216438907887632e-52
-1.234999999999989129e+01,2.163479980052167876e-51
-1.229999999999989058e+01,5.688846277381884012e-51
-1.224999999999988987e+01,1.489959017845795328e-50
-1.219999999999988916e+01,3.886898460909182006e-50
-1.214999999999988844e+01,1.009975308173721046e-49
-1.209999999999988773e+01,2.613948007724404303e-49
-1.204999999999988702e+01,6.738476230126139493e-49
-1.199999999999988631e+01,1.730234476364278602e-48
-1.194999999999988560e+01,4.425136427154005410e-48
-1.189999999999988489e+01,1.127266878372707580e-47
-1.184999999999988418e+01,2.860257568557296914e-47
-1.179999999999988347e+01,7.228726441987350990e-47
-1.174999999999988276e+01,1.819686697549116175e-46
-1.169999999999988205e+01,4.562570284338414832e-46
-1.164999999999988134e+01,1.139463883819547672e-45
-1.159999999999988063e+01,2.834454841641249835e-45
-1.154999999999987992e+01,7.022899145314596469e-45
-1.149999999999987921e+01,1.733169997126413061e-44
-1.144999999999987850e+01,4.260334148535544962e-44
-1.139999999999987779e+01,1.043094996236425540e-43
-1.134999999999987708e+01,2.543792519286292779e-43
-1.129999999999987637e+01,6.178983854135762355e-43
-1.124999999999987566e+01,1.494961163929785069e-42
-1.119999999999987494e+01,3.602634143914622833e-42
-1.114999999999987423e+01,8.647443503631701445e-42
-1.109999999999987352e+01,2.067438266175204980e-41
-1.104999999999987281e+01,4.923279962430320423e-41
-1.099999999999987210e+01,1.167760013056004304e-40
-1.094999999999987139e+01,2.758860051771370535e-40
-1.089999999999987068e+01,6.492062055881960053e-40
-1.084999999999986997e+01,1.521642016218593453e-39
-1.079999999999986926e+01,3.552377195434589105e-39
-1.074999999999986855e+01,8.260423655705432716e-39
-1.069999999999986784e+01,1.913207828867913480e-38
-1.064999999999986713e+01,4.413655863323226483e-38
-1.059999999999986642e+01,1.014170999109381859e-37
-1.054999999999986571e+01,2.321134021798518612e-37
-1.049999999999986500e+01,5.291337520697912449e-37
-1.044999999999986429e+01,1.201453140257373184e-36
-1.039999999999986358e+01,2.717216468549451396e-36
-1.034999999999986287e+01,6.120932246734133930e-36
-1.029999999999986215e+01,1.373367423421222316e-35
-1.024999999999986144e+01,3.069245635565491613e-35
-1.019999999999986073e+01,6.832068115749404159e-35
-1.014999999999986002e+01,1.514775462526386742e-34
-1.009999999999985931e+01,3.345182104920366045e-34
-1.004999999999985860e+01,7.358115362709157132e-34
-9.999999999999857891e+00,1.612087601114166257e-33
-9.949999999999857181e+00,3.517918647080261501e-33
-9.899999999999856470e+00,7.646416413101263256e-33
-9.849999999999855760e+00,1.655407757544055315e-32
-9.799999999999855049e+00,3.569659570985003578e-32
-9.749999999999854339e+00,7.666961346695066423e-32
-9.699999999999853628e+00,1.640190486702195176e-31
-9.649999999999852918e+00,3.494940016309636682e-31
-9.599999999999852207e+00,7.417532644071829255e-31
-9.549999999999851497e+00,1.568026455985110277e-30
-9.499999999999850786e+00,3.301576469506663927e-30
-9.449999999999850075e+00,6.924098925362816384e-30
-9.399999999999849365e+00,1.446368542538149318e-29
-9.349999999999848654e+00,3.009319787686927828e-29
-9.299999999999847944e+00,6.236361057213029348e-29
-9.249999999999847233e+00,1.287263820154601187e-28
-9.199999999999846523e+00,2.646531944301848837e-28
-9.149999999999845812e+00,5.419507772055357114e-28
-9.099999999999845102e+00,1.105389998199611844e-27
-9.049999999999844391e+00,2.245660283494019619e-27
-8.999999999999843681e+00,4.544072790275065579e-27
-8.949999999999842970e+00,9.158388157641027512e-27
-8.899999999999842260e+00,1.838506656368238813e-26
-8.849999999999841549e+00,3.676068597465028807e-26
-8.799999999999840838e+00,7.321062101718464513e-26
-8.749999999999840128e+00,1.452233661061128012e-25
-8.699999999999839417e+00,2.869265057848297310e-25
-8.649999999999838707e+00,5.646462362657323434e-25
-8.599999999999837996e+00,1.106760461510816935e-24
-8.549999999999837286e+00,2.160737918538889527e-24
-8.499999999999836575e+00,4.201667068774484881e-24
-8.449999999999835865e+00,8.137895140864554389e-24
-8.399999999999835154e+00,1.569904634827014626e-23
-8.349999999999834444e+00,3.016511602252289618e-23
-8.299999999999833733e+00,5.773073522782523913e-23
-8.249999999999833022e+00,1.100472887182461727e-22
-8.199999999999832312e+00,2.089399963452939692e-22
-8.149999999999831601e+00,3.951241718824255509e-22
-8.099999999999830891e+00,7.442437466677920404e-22
-8.049999999999830180e+00,1.396259578752497756e-21
-7.999999999999829470e+00,2.609073443631411661e-21
-7.949999999999828759e+00,4.855963334287641377e-21
-7.899999999999828049e+00,9.001880286504470798e-21
-7.849999999999827338e+00,1.662109328271627326e-20
-7.799999999999826628e+00,3.056709987671261928e-20
-7.749999999999825917e+00,5.599083596309287792e-20
-7.699999999999825206e+00,1.021521474668209873e-19
-7.649999999999824496e+00,1.856289233957233707e-19
-7.599999999999823785e+00,3.359782349486569567e-19
-7.549999999999823075e+00,6.056807189705728142e-19
-7.499999999999822364e+00,1.087534911067094709e-18
-7.449999999999821654e+00,1.944953677941790176e-18
-7.399999999999820943e+00,3.464508665035786952e-18
-7.349999999999820233e+00,6.146672976293547943e-18
-7.299999999999819522e+00,1.086186390241781648e-17
-7.249999999999818812e+00,1.911763298998203498e-17
-7.199999999999818101e+00,3.351421971129919963e-17
-7.149999999999817391e+00,5.851794190655115812e-17
-7.099999999999816680e+00,1.017685568682312540e-16
-7.049999999999815969e+00,1.762797910087654132e-16
-6.999999999999815259e+00,3.041273420827440631e-16
-6.949999999999814548e+00,5.226032642758007962e-16
-6.899999999999813838e+00,8.944419474535329764e-16
-6.849999999999813127e+00,1.524738116904165613e-15
-6.799999999999812417e+00,2.588815361053505769e-15
-6.749999999999811706e+00,4.377934623518572548e-15
-6.699999999999810996e+00,7.373938130402131718e-15
-6.649999999999810285e+00,1.237061721182595223e-14
-6.599999999999809575e+00,2.067019340731948546e-14
-6.549999999999808864e+00,3.440001459871671994e-14
-6.499999999999808153e+00,5.702079159589595655e-14
-6.449999999999807443e+00,9.413865537431023267e-14
-6.399999999999806732e+00,1.547969745351447687e-13
-6.349999999999806022e+00,2.535223550297411421e-13
-6.299999999999805311e+00,4.135508744106084590e-13
-6.249999999999804601e+00,6.718929482125120365e-13
-6.199999999999803890e+00,1.087249544942357403e-12
-6.149999999999803180e+00,1.752330187257055048e-12
-6.099999999999802469e+00,2.812935282059189666e-12
-6.049999999999801759e+00,4.497385854670465011e-12
-5.999999999999801048e+00,7.161709158880114767e-12
-5.949999999999800337e+00,1.135870522727940750e-11
-5.899999999999799627e+00,1.794304232464734558e-11
-5.849999999999798916e+00,2.823045699453703219e-11
-5.799999999999798206e+00,4.423782516836845059e-11
-5.749999999999797495e+00,6.904354839244145102e-11
-5.699999999999796785e+00,1.073260987736922858e-10
-5.649999999999796074e+00,1.661651339968333477e-10
-5.599999999999795364e+00,2.562277585997409070e-10
-5.549999999999794653e+00,3.935170477488292991e-10
-5.499999999999793943e+00,6.019374839261981310e-10
-5.449999999999793232e+00,9.170415988963718657e-10
-5.399999999999792522e+00,1.391476335197005829e-09
-5.349999999999791811e+00,2.102863405399850510e-09
-5.299999999999791100e+00,3.165148156381724693e-09
-5.249999999999790390e+00,4.744866918255755577e-09
-5.199999999999789679e+00,7.084354587509323421e-09
-5.149999999999788969e+00,1.053469665300917863e-08
-5.099999999999788258e+00,1.560229458760932506e-08
-5.049999999999787548e+00,2.301435399308968402e-08
-4.999999999999786837e+00,3.381054235923310879e-08
-4.949999999999786127e+00,4.947065385945925674e-08
-4.899999999999785416e+00,7.209156159986444875e-08
-4.849999999999784706e+00,1.046312857142165604e-07
-4.799999999999783995e+00,1.512439759211569224e-07
-4.749999999999783284e+00,2.177373947010153853e-07
-4.699999999999782574e+00,3.121945795177666027e-07
-4.649999999999781863e+00,4.458143549665864179e-07
-4.599999999999781153e+00,6.340419782690495406e-07
-4.549999999999780442e+00,8.980822947951836938e-07
-4.499999999999779732e+00,1.266914370685804173e-06
-4.449999999999779021e+00,1.779959841664121705e-06
-4.399999999999778311e+00,2.490598530728558756e-06
-4.349999999999777600e+00,3.470775777967199805e-06
-4.299999999999776890e+00,4.817008093104183600e-06
-4.249999999999776179e+00,6.658169024363492671e-06
-4.199999999999775468e+00,9.165527468533541677e-06
-4.149999999999774758e+00,1.256561798389504207e-05
-4.099999999999774047e+00,1.715664889175886761e-05
-4.049999999999773337e+00,2.332930073446194710e-05
-3.999999999999772626e+00,3.159293627963049780e-05
-3.949999999999771916e+00,4.260843439067189342e-05
-3.899999999999771205e+00,5.722907350095350989e-05
-3.849999999999770495e+00,7.655112469541274726e-05
-3.799999999999769784e+00,1.019760664819296898e-04
-3.749999999999769074e+00,1.352865981638329241e-04
-3.699999999999768363e+00,1.787388987533500718e-04
-3.649999999999767653e+00,2.351738430686744217e-04
-3.599999999999766942e+00,3.081501320544169169e-04
-3.549999999999766231e+00,4.021025025748327093e-04
-3.499999999999765521e+00,5.225283307976523678e-04
-3.449999999999764810e+00,6.762060061437418163e-04
-3.399999999999764100e+00,8.714483983763959265e-04
-3.349999999999763389e+00,1.118394533109456088e-03
-3.299999999999762679e+00,1.429342191310106541e-03
-3.249999999999761968e+00,1.819123513767524365e-03
-3.199999999999761258e+00,2.305524777879937749e-03
-3.149999999999760547e+00,2.909750277626296962e-03
-3.099999999999759837e+00,3.656928637080555673e-03
-3.049999999999759126e+00,4.576657887854150911e-03
-2.999999999999758415e+00,5.703583215268651779e-03
-2.949999999999757705e+00,7.077998414092218256e-03
-2.899999999999756994e+00,8.746458797390244469e-03
-2.849999999999756284e+00,1.076238959907901103e-02
-2.799999999999755573e+00,1.318666985699674769e-02
-2.749999999999754863e+00,1.608816744527454684e-02
-2.699999999999754152e+00,1.954419646445627531e-02
-2.649999999999753442e+00,2.364086375530033424e-02
-2.599999999999752731e+00,2.847326707699384535e-02
-2.549999999999752021e+00,3.414550372078933860e-02
-2.499999999999751310e+00,4.077044528964805792e-02
-2.449999999999750599e+00,4.846923236686868919e-02
-2.399999999999749889e+00,5.737044214638321177e-02
-2.349999999999749178e+00,6.760888313752597134e-02
-2.299999999999748468e+00,7.932397411416071409e-02
-2.249999999999747757e+00,9.265766985345626205e-02
-2.199999999999747047e+00,1.077519041586026544e-01
-2.149999999999746336e+00,1.247455313685904843e-01
-2.099999999999745626e+00,1.437707611202117541e-01
-2.049999999999744915e+00,1.649490975197910325e-01
-1.999999999999744205e+00,1.883868129441019224e-01
-1.949999999999743494e+00,2.141700081046038484e-01
-1.899999999999742784e+00,2.423593332910400355e-01
-1.849999999999742073e+00,2.729844701991205880e-01
-1.799999999999741362e+00,3.060384986101382654e-01
-1.749999999999740652e+00,3.414722964362086888e-01
-1.699999999999739941e+00,3.791891441460705781e-01
-1.649999999999739231e+00,4.190397241149699803e-01
-1.599999999999738520e+00,4.608177207155870758e-01
-1.549999999999737810e+00,5.042562367047059846e-01
-1.499999999999737099e+00,5.490252444485140826e-01
-1.449999999999736389e+00,5.947302856918592617e-01
-1.399999999999735678e+00,6.409126200481487512e-01
-1.349999999999734968e+00,6.870509995847228213e-01
-1.299999999999734257e+00,7.325652145710266350e-01
-1.249999999999733546e+00,7.768215138164007438e-01
-1.199999999999732836e+00,8.191399526717044743e-01
-1.149999999999732125e+00,8.588036637926034222e-01
-1.099999999999731415e+00,8.950699817211517084e-01
-1.049999999999730704e+00,9.271832842364783334e-01
-9.999999999997299938e-01,9.543893436473153136e-01
-9.499999999997292832e-01,9.759509124528701340e-01
-8.999999999997285727e-01,9.911642029978587898e-01
-8.499999999997278621e-01,9.993758628920176301e-01
-7.999999999997271516e-01,9.999999999999591438e-01
-7.499999999997264410e-01,9.925347754770041941e-01
-6.999999999997257305e-01,9.765780630215872282e-01
-6.499999999997250200e-01,9.518416691306018640e-01
-5.999999999997243094e-01,9.181636239519147535e-01
-5.499999999997235989e-01,8.755180858745319483e-01
-4.999999999997228883e-01,8.240224550279606763e-01
-4.499999999997221778e-01,7.639413602910453127e-01
-3.999999999997214672e-01,6.956872693249160911e-01
-3.499999999997207567e-01,6.198175688546843087e-01
-2.999999999997200462e-01,5.370280695596260090e-01
-2.499999999997193356e-01,4.481430025702280995e-01
-1.999999999997186251e-01,3.541016884093051154e-01
-1.499999999997179145e-01,2.559421697592472733e-01
-9.999999999971720399e-02,1.547822022132225028e-01
-4.999999999971649345e-02,5.179808793126090133e-02
2.842170943040400743e-13,-5.179808793243614873e-02
5.000000000028492764e-02,-1.547822022143860998e-01
1.000000000002856382e-01,-2.559421697603816992e-01
1.500000000002863487e-01,-3.541016884104015716e-01
2.000000000002870593e-01,-4.481430025712692111e-01
2.500000000002877698e-01,-5.370280695606058918e-01
3.000000000002884804e-01,-6.198175688555854768e-01
3.500000000002891909e-01,-6.956872693257355467e-01
4.000000000002899014e-01,-7.639413602917772828e-01
4.500000000002906120e-01,-8.240224550285935035e-01
5.000000000002913225e-01,-8.755180858750685191e-01
5.500000000002920331e-01,-9.181636239523491838e-01
6.000000000002927436e-01,-9.518416691309343758e-01
6.500000000002934541e-01,-9.765780630218147129e-01
7.000000000002941647e-01,-9.925347754771383091e-01
7.500000000002948752e-01,-1.000000000000000000e+00
8.000000000002955858e-01,-9.993758628919622300e-01
8.500000000002962963e-01,-9.911642029977246748e-01
9.000000000002970069e-01,-9.759509124526616342e-01
9.500000000002977174e-01,-9.543893436470368696e-01
1.000000000000298428e+00,-9.271832842361400484e-01
1.050000000000299138e+00,-8.950699817207623532e-01
1.100000000000299849e+00,-8.588036637921688810e-01
1.150000000000300560e+00,-8.191399526712378476e-01
1.200000000000301270e+00,-7.768215138159079158e-01
1.250000000000301981e+00,-7.325652145705133789e-01
1.300000000000302691e+00,-6.870509995842022377e-01
1.350000000000303402e+00,-6.409126200476208401e-01
1.400000000000304112e+00,-5.947302856913373459e-01
1.450000000000304823e+00,-5.490252444479986060e-01
1.500000000000305533e+00,-5.042562367042043858e-01
1.550000000000306244e+00,-4.608177207151029631e-01
1.600000000000306954e+00,-4.190397241145051854e-01
1.650000000000307665e+00,-3.791891441456283762e-01
1.700000000000308376e+00,-3.414722964357923551e-01
1.750000000000309086e+00,-3.060384986097489102e-01
1.800000000000309797e+00,-2.729844701987582667e-01
1.850000000000310507e+00,-2.423593332907059417e-01
1.900000000000311218e+00,-2.141700081042972881e-01
1.950000000000311928e+00,-1.883868129438225070e-01
2.000000000000312639e+00,-1.649490975195376796e-01
2.050000000000313349e+00,-1.437707611199829927e-01
2.100000000000314060e+00,-1.247455313683863420e-01
2.150000000000314770e+00,-1.077519041584204806e-01
2.200000000000315481e+00,-9.265766985329487726e-02
2.250000000000316192e+00,-7.932397411401841125e-02
2.300000000000316902e+00,-6.760888313740162636e-02
2.350000000000317613e+00,-5.737044214627480543e-02
2.400000000000318323e+00,-4.846923236677445901e-02
2.450000000000319034e+00,-4.077044528956678959e-02
2.500000000000319744e+00,-3.414550372071973455e-02
2.550000000000320455e+00,-2.847326707693437903e-02
2.600000000000321165e+00,-2.364086375524973582e-02
2.650000000000321876e+00,-1.954419646441347622e-02
2.700000000000322586e+00,-1.608816744523860684e-02
2.750000000000323297e+00,-1.318666985696661728e-02
2.800000000000324007e+00,-1.076238959905391999e-02
2.850000000000324718e+00,-8.746458797369358398e-03
2.900000000000325429e+00,-7.077998414075028014e-03
2.950000000000326139e+00,-5.703583215254528528e-03
3.000000000000326850e+00,-4.576657887842579438e-03
3.050000000000327560e+00,-3.656928637071149134e-03
3.100000000000328271e+00,-2.909750277618670250e-03
3.150000000000328981e+00,-2.305524777873776011e-03
3.200000000000329692e+00,-1.819123513762578451e-03
3.250000000000330402e+00,-1.429342191306160912e-03
3.300000000000331113e+00,-1.118394533106307782e-03
3.350000000000331823e+00,-8.714483983739022615e-04
3.400000000000332534e+00,-6.762060061417750735e-04
3.450000000000333245e+00,-5.225283307961109576e-04
3.500000000000333955e+00,-4.021025025736225771e-04
3.550000000000334666e+00,-3.081501320534806541e-04
3.600000000000335376e+00,-2.351738430679444825e-04
3.650000000000336087e+00,-1.787388987527882382e-04
3.700000000000336797e+00,-1.352865981634020079e-04
3.750000000000337508e+00,-1.019760664815994283e-04
3.800000000000338218e+00,-7.655112469516133433e-05
3.850000000000338929e+00,-5.722907350076317142e-05
3.900000000000339639e+00,-4.260843439052793848e-05
3.950000000000340350e+00,-3.159293627952226055e-05
4.000000000000341061e+00,-2.332930073438096736e-05
4.050000000000341771e+00,-1.715664889169859613e-05
4.100000000000342482e+00,-1.256561798385023911e-05
4.150000000000343192e+00,-9.165527468500446405e-06
4.200000000000343903e+00,-6.658169024339170967e-06
4.250000000000344613e+00,-4.817008093086336616e-06
4.300000000000345324e+00,-3.470775777954180909e-06
4.350000000000346034e+00,-2.490598530719102056e-06
4.400000000000346745e+00,-1.779959841657289961e-06
4.450000000000347455e+00,-1.266914370680874865e-06
4.500000000000348166e+00,-8.980822947916452137e-07
4.550000000000348876e+00,-6.340419782665287705e-07
4.600000000000349587e+00,-4.458143549647926139e-07
4.650000000000350298e+00,-3.121945795164933004e-07
4.700000000000351008e+00,-2.177373947001194362e-07
4.750000000000351719e+00,-1.512439759205274182e-07
4.800000000000352429e+00,-1.046312857137760371e-07
4.850000000000353140e+00,-7.209156159955697579e-08
4.900000000000353850e+00,-4.947065385924649926e-08
4.950000000000354561e+00,-3.381054235908607578e-08
5.000000000000355271e+00,-2.301435399298834116e-08
5.050000000000355982e+00,-1.560229458753994777e-08
5.100000000000356692e+00,-1.053469665296194827e-08
5.150000000000357403e+00,-7.084354587477226331e-09
5.200000000000358114e+00,-4.744866918234035468e-09
5.250000000000358824e+00,-3.165148156367064984e-09
5.300000000000359535e+00,-2.102863405390031876e-09
5.350000000000360245e+00,-1.391476335190434500e-09
5.400000000000360956e+00,-9.170415988920073506e-10
5.450000000000361666e+00,-6.019374839233007241e-10
5.500000000000362377e+00,-3.935170477469231648e-10
5.550000000000363087e+00,-2.562277585984834891e-10
5.600000000000363798e+00,-1.661651339960116731e-10
5.650000000000364508e+00,-1.073260987731559108e-10
5.700000000000365219e+00,-6.904354839209338893e-11
5.750000000000365930e+00,-4.423782516814405846e-11
5.800000000000366640e+00,-2.823045699439224651e-11
5.850000000000367351e+00,-1.794304232455435562e-11
5.900000000000368061e+00,-1.135870522722004921e-11
5.950000000000368772e+00,-7.161709158842423120e-12
6.000000000000369482e+00,-4.497385854646582595e-12
6.050000000000370193e+00,-2.812935282044120277e-12
6.100000000000370903e+00,-1.752330187247575793e-12
6.150000000000371614e+00,-1.087249544936434862e-12
6.200000000000372324e+00,-6.718929482088166838e-13
6.250000000000373035e+00,-4.135508744083182128e-13
6.300000000000373745e+00,-2.535223550283252819e-13
6.350000000000374456e+00,-1.547969745342730837e-13
6.400000000000375167e+00,-9.413865537377416066e-14
6.450000000000375877e+00,-5.702079159557041574e-14
6.500000000000376588e+00,-3.440001459851822360e-14
6.550000000000377298e+00,-2.067019340719953127e-14
6.600000000000378009e+00,-1.237061721175341647e-14
6.650000000000378719e+00,-7.373938130358648127e-15
6.700000000000379430e+00,-4.377934623492489651e-15
6.750000000000380140e+00,-2.588815361037971520e-15
6.800000000000380851e+00,-1.524738116894950535e-15
6.850000000000381561e+00,-8.944419474480882584e-16
6.900000000000382272e+00,-5.226032642726023597e-16
6.950000000000382983e+00,-3.041273420808643062e-16
7.000000000000383693e+00,-1.762797910076683295e-16
7.050000000000384404e+00,-1.017685568675944460e-16
7.100000000000385114e+00,-5.851794190618149050e-17
7.150000000000385825e+00,-3.351421971108636126e-17
7.200000000000386535e+00,-1.911763298985930239e-17
7.250000000000387246e+00,-1.086186390234789597e-17
7.300000000000387956e+00,-6.146672976253614171e-18
7.350000000000388667e+00,-3.464508665013159586e-18
7.400000000000389377e+00,-1.944953677928972727e-18
7.450000000000390088e+00,-1.087534911059880753e-18
7.500000000000390799e+00,-6.056807189665346205e-19
7.550000000000391509e+00,-3.359782349463969260e-19
7.600000000000392220e+00,-1.856289233944667254e-19
7.650000000000392930e+00,-1.021521474661259433e-19
7.700000000000393641e+00,-5.599083596270861878e-20
7.750000000000394351e+00,-3.056709987650151930e-20
7.800000000000395062e+00,-1.662109328260077464e-20
7.850000000000395772e+00,-9.001880286441602727e-21
7.900000000000396483e+00,-4.855963334253447093e-21
7.950000000000397193e+00,-2.609073443612946807e-21
8.000000000000397904e+00,-1.396259578742534642e-21
8.050000000000398614e+00,-7.442437466624553901e-22
8.100000000000399325e+00,-3.951241718795662784e-22
8.150000000000400036e+00,-2.089399963437777226e-22
8.200000000000400746e+00,-1.100472887174421111e-22
8.250000000000401457e+00,-5.773073522739961613e-23
8.300000000000402167e+00,-3.016511602229988139e-23
8.350000000000402878e+00,-1.569904634815329625e-23
8.400000000000403588e+00,-8.137895140803512437e-24
8.450000000000404299e+00,-4.201667068742789880e-24
8.500000000000405009e+00,-2.160737918522496524e-24
8.550000000000405720e+00,-1.106760461502372477e-24
8.600000000000406430e+00,-5.646462362614040446e-25
8.650000000000407141e+00,-2.869265057826137404e-25
8.700000000000407852e+00,-1.452233661049850383e-25
8.750000000000408562e+00,-7.321062101661346278e-26
8.800000000000409273e+00,-3.676068597436139655e-26
8.850000000000409983e+00,-1.838506656353723639e-26
8.900000000000410694e+00,-9.158388157568135957e-27
8.950000000000411404e+00,-4.544072790238799886e-27
9.000000000000412115e+00,-2.245660283475954214e-27
9.050000000000412825e+00,-1.105389998190702187e-27
9.100000000000413536e+00,-5.419507772011292219e-28
9.150000000000414246e+00,-2.646531944280216376e-28
9.200000000000414957e+00,-1.287263820144024186e-28
9.250000000000415668e+00,-6.236361057161519859e-29
9.300000000000416378e+00,-3.009319787661982473e-29
9.350000000000417089e+00,-1.446368542526039016e-29
9.400000000000417799e+00,-6.924098925304823647e-30
9.450000000000418510e+00,-3.301576469478780189e-30
9.500000000000419220e+00,-1.568026455971800219e-30
9.550000000000419931e+00,-7.417532644008548368e-31
9.600000000000420641e+00,-3.494940016279714581e-31
9.650000000000421352e+00,-1.640190486688017977e-31
9.700000000000422062e+00,-7.666961346628763110e-32
9.750000000000422773e+00,-3.569659570953887088e-32
9.800000000000423483e+00,-1.655407757529553792e-32
9.850000000000424194e+00,-7.646416413033951665e-33
9.900000000000424905e+00,-3.517918647049142138e-33
9.950000000000425615e+00,-1.612087601099855975e-33
1.000000000000042633e+01,-7.358115362643331856e-34
1.005000000000042704e+01,-3.345182104890297228e-34
1.010000000000042775e+01,-1.514775462512706249e-34
1.015000000000042846e+01,-6.832068115687404571e-35
1.020000000000042917e+01,-3.069245635537506697e-35
1.025000000000042988e+01,-1.373367423408657649e-35
1.030000000000043059e+01,-6.120932246677714539e-36
1.035000000000043130e+01,-2.717216468524288987e-36
1.040000000000043201e+01,-1.201453140246195682e-36
1.045000000000043272e+01,-5.291337520648459620e-37
1.050000000000043343e+01,-2.321134021776725975e-37
1.055000000000043414e+01,-1.014170999099816285e-37
1.060000000000043485e+01,-4.413655863281454094e-38
1.065000000000043556e+01,-1.913207828849677342e-38
1.070000000000043627e+01,-8.260423655626343416e-39
1.075000000000043698e+01,-3.552377195400424569e-39
1.080000000000043769e+01,-1.521642016203894552e-39
1.085000000000043840e+01,-6.492062055818968027e-40
1.090000000000043912e+01,-2.758860051744483018e-40
1.095000000000043983e+01,-1.167760013044585429e-40
1.100000000000044054e+01,-4.923279962381847607e-41
1.105000000000044125e+01,-2.067438266154760640e-41
1.110000000000044196e+01,-8.647443503545818497e-42
1.115000000000044267e+01,-3.602634143878688415e-42
1.120000000000044338e+01,-1.494961163914824343e-42
1.125000000000044409e+01,-6.178983854073514678e-43
1.130000000000044480e+01,-2.543792519260556778e-43
1.135000000000044551e+01,-1.043094996225827895e-43
1.140000000000044622e+01,-4.260334148492077947e-44
1.145000000000044693e+01,-1.733169997108655811e-44
1.150000000000044764e+01,-7.022899145242408248e-45
1.155000000000044835e+01,-2.834454841611899606e-45
1.160000000000044906e+01,-1.139463883807737633e-45
1.165000000000044977e+01,-4.562570284290822767e-46
1.170000000000045048e+01,-1.819686697530057802e-46
1.175000000000045119e+01,-7.228726441911329079e-47
1.180000000000045191e+01,-2.860257568527093898e-47
1.185000000000045262e+01,-1.127266878360765954e-47
1.190000000000045333e+01,-4.425136427106836291e-48
1.195000000000045404e+01,-1.730234476345761182e-48
1.200000000000045475e+01,-6.738476230053911646e-49
1.205000000000045191e+01,-2.613948007696345660e-49
1.210000000000045617e+01,-1.009975308162732205e-49
1.215000000000046043e+01,-3.886898460866748213e-50
1.220000000000045759e+01,-1.489959017829584732e-50
1.225000000000045475e+01,-5.688846277319705848e-51
1.230000000000045901e+01,-2.163479980028275247e-51
1.235000000000046327e+01,-8.195216438816906740e-52
1.240000000000046043e+01,-3.092052772585454529e-52
1.245000000000045759e+01,-1.162016637266668375e-52
1.250000000000046185e+01,-4.349675215577293702e-53
1.255000000000046612e+01,-1.621736921967198578e-53
1.260000000000046327e+01,-6.022587578087002671e-54
1.265000000000046043e+01,-2.227742771179966404e-54
1.270000000000046469e+01,-8.207789596298149548e-55
1.275000000000046896e+01,-3.012081317279042406e-55
1.280000000000046612e+01,-1.100997993614922052e-55
1.285000000000046327e+01,-4.008535850377503477e-56
1.290000000000046754e+01,-1.453665478192800490e-56
1.295000000000047180e+01,-5.250766338000955449e-57
1.300000000000046896e+01,-1.889124012371266545e-57
1.305000000000046612e+01,-6.769831415874156730e-58
1.310000000000047038e+01,-2.416433777660107054e-58
1.315000000000047464e+01,-8.591156850077998607e-59
1.320000000000047180e+01,-3.042342835870558959e-59
1.325000000000046896e+01,-1.073110532428599498e-59
1.330000000000047322e+01,-3.770167192537747011e-60
1.335000000000047748e+01,-1.319339775503046465e-60
1.340000000000047464e+01,-4.598674177792898271e-61
1.345000000000047180e+01,-1.596572367598116655e-61
1.350000000000047606e+01,-5.521087178896251678e-62
1.355000000000048033e+01,-1.901694160861752843e-62
1.360000000000047748e+01,-6.524344077982881333e-63
1.365000000000047464e+01,-2.229529374007962583e-63
1.370000000000047891e+01,-7.588741182959269907e-64
1.375000000000048317e+01,-2.572802960763757445e-64
1.380000000000048033e+01,-8.688075709180301390e-65
1.385000000000047748e+01,-2.922274390589328345e-65
1.390000000000048175e+01,-9.790362076560108060e-66
1.395000000000048601e+01,-3.267058577710917773e-66
1.400000000000048317e+01,-1.085914257417755606e-66
1.405000000000048033e+01,-3.595130292640346958e-67
1.410000000000048459e+01,-1.185534667171887097e-67
1.415000000000048885e+01,-3.893986526583643693e-68
1.420000000000048601e+01,-1.273958356514209609e-68
1.425000000000048317e+01,-4.151419853503385307e-69
1.430000000000048743e+01,-1.347468929742578897e-69
1.435000000000049170e+01,-4.356338062641667789e-70
1.440000000000048885e+01,-1.402830303763890574e-70
1.445000000000048601e+01,-4.499554210351759211e-71
1.450000000000049027e+01,-1.437522528030791769e-71
1.455000000000049454e+01,-4.574468980100590387e-72
1.460000000000049170e+01,-1.449931904083226163e-72
1.465000000000048885e+01,-4.577574820507113024e-73
1.470000000000049312e+01,-1.439475434037856647e-73
1.475000000000049738e+01,-4.508728228773471765e-74
1.480000000000049454e+01,-1.406646231451841186e-74
1.485000000000049170e+01,-4.371160741730108036e-75
1.490000000000049596e+01,-1.352974968325494953e-75
1.495000000000050022e+01,-4.171227462278321441e-76
1.500000000000049738e+01,-1.280911555894274174e-76
1.505000000000049454e+01,-3.917920374545286362e-77
1.510000000000049880e+01,-1.193639796183084371e-77
1.515000000000050306e+01,-3.622198348927861898e-78
1.520000000000050022e+01,-1.094844527009634077e-78
1.525000000000049738e+01,-3.296203307765848429e-79
1.530000000000050164e+01,-9.884549396272720916e-80
1.535000000000050591e+01,-2.952440386300873535e-80
1.540000000000050306e+01,-8.783888303721450584e-81
1.545000000000050022e+01,-2.602998436684848836e-81
1.550000000000050449e+01,-7.683205946845276932e-82
1.555000000000050875e+01,-2.258876749550099154e-82
1.560000000000050591e+01,-6.614912718329731486e-83
1.565000000000050306e+01,-1.929466539862262947e-83
1.570000000000050733e+01,-5.605727256405346017e-84
1.575000000000051159e+01,-1.622214511140188194e-84
1.580000000000050875e+01,-4.675910978022565600e-85
1.585000000000050591e+01,-1.342473890133204300e-85
1.590000000000051017e+01,-3.839079888926889969e-86
1.595000000000051443e+01,-1.093528651380798822e-86
1.600000000000051159e+01,-3.102522392533279784e-87
1.605000000000050875e+01,-8.767614592191012144e-88
1.610000000000051301e+01,-2.467912573667206818e-88
1.615000000000051728e+01,-6.919264142344135181e-89
1.620000000000051443e+01,-1.932288168039064690e-89
1.625000000000051159e+01,-5.374842585039373777e-90
1.630000000000051585e+01,-1.489160471470627917e-90
1.635000000000052012e+01,-4.109596380616462439e-91
1.640000000000051728e+01,-1.129636679529221737e-91
1.645000000000051443e+01,-3.092860770695786331e-92
1.650000000000051870e+01,-8.434589442161987773e-93
1.655000000000052296e+01,-2.291129003071995502e-93
1.660000000000052012e+01,-6.198936378082231448e-94
1.665000000000051728e+01,-1.670578467959279904e-94
1.670000000000052154e+01,-4.484341388798560835e-95
1.675000000000052580e+01,-1.198981733002439301e-95
1.680000000000052296e+01,-3.193071172587370635e-96
1.685000000000052012e+01,-8.470065867137379493e-97
1.690000000000052438e+01,-2.237933384565238690e-97
1.695000000000052864e+01,-5.889653202570740813e-98
1.700000000000052580e+01,-1.543883459454901154e-98
1.705000000000052296e+01,-4.031081236057349872e-99
1.710000000000052722e+01,-1.048360991021188341e-99
1.715000000000053149e+01,-2.715704068637266177e-100
1.720000000000052864e+01,-7.007068164636229359e-101
1.725000000000052580e+01,-1.800829398571674831e-101
1.730000000000053006e+01,-4.609896263910792677e-102
1.735000000000053433e+01,-1.175417372161990191e-102
1.740000000000053149e+01,-2.985213864223329387e-103
1.745000000000052864e+01,-7.551638769967274920e-104
1.750000000000053291e+01,-1.902783592207375278e-104
1.755000000000053717e+01,-4.775513103114776444e-105
1.760000000000053433e+01,-1.193804349570741522e-105
1.765000000000053149e+01,-2.972547239121042031e-106
1.770000000000053575e+01,-7.372365956972580772e-107
1.775000000000054001e+01,-1.821241492591443123e-107
1.780000000000053717e+01,-4.481369328450931808e-108
1.785000000000053433e+01,-1.098339260730309583e-108
1.790000000000053859e+01,-2.681296656141710019e-109
1.795000000000054285e+01,-6.519823393609147163e-110
1.800000000000054001e+01,-1.579099232420018579e-110
1.805000000000053717e+01,-3.809479637667671708e-111
1.810000000000054143e+01,-9.153866036466663411e-112
1.815000000000054570e+01,-2.190918023327548451e-112
1.820000000000054285e+01,-5.223124781979232508e-113
1.825000000000054001e+01,-1.240273287483598310e-113
1.830000000000054428e+01,-2.933506885324742824e-114
1.835000000000054854e+01,-6.910979171982638629e-115
1.840000000000054570e+01,-1.621716084220114996e-115
1.845000000000054285e+01,-3.790468125339124803e-116
1.850000000000054712e+01,-8.824572504646197042e-117
1.855000000000055138e+01,-2.046337774846347000e-117
1.860000000000054854e+01,-4.726545058082295231e-118
1.865000000000054570e+01,-1.087409531903392656e-118
1.870000000000054996e+01,-2.491869746240403851e-119
1.875000000000055422e+01,-5.687749016839312209e-120
1.880000000000055138e+01,-1.293118758555062807e-120
1.885000000000054854e+01,-2.928325280147836388e-121
1.890000000000055280e+01,-6.605157149564732786e-122
1.895000000000055707e+01,-1.483986471190792328e-122
1.900000000000055422e+01,-3.320929783867960640e-123
1.905000000000055138e+01,-7.402397879970170301e-124
1.910000000000055564e+01,-1.643494109727385413e-124
1.915000000000055991e+01,-3.634518550963184396e-125
1.920000000000055707e+01,-8.005872214980784565e-126
1.925000000000055422e+01,-1.756521455367577200e-126
1.930000000000055849e+01,-3.838674785344900104e-127
1.935000000000056275e+01,-8.355881106751328093e-128
1.940000000000055991e+01,-1.811699937502066684e-128
1.945000000000055707e+01,-3.912581408055460031e-129
1.950000000000056133e+01,-8.416346732778783485e-130
1.955000000000056559e+01,-1.803295837134333345e-130
1.960000000000056275e+01,-3.848517665568368388e-131
1.965000000000055991e+01,-8.180938841665856325e-132
1.970000000000056417e+01,-1.732191802373968425e-132
1.975000000000056843e+01,-3.653187787751565753e-133
1.980000000000056559e+01,-7.674166446314234362e-134
1.985000000000056275e+01,-1.605734152418554427e-134
1.990000000000056701e+01,-3.346565279075452767e-135
1.995000000000057128e+01,-6.947174331557143190e-136
